-- MySQL dump 10.13  Distrib 8.0.34, for Win64 (x86_64)
--
-- Host: localhost    Database: nucleus_db
-- ------------------------------------------------------
-- Server version	5.5.5-10.5.23-MariaDB

/*!40101 SET @OLD_CHARACTER_SET_CLIENT=@@CHARACTER_SET_CLIENT */;
/*!40101 SET @OLD_CHARACTER_SET_RESULTS=@@CHARACTER_SET_RESULTS */;
/*!40101 SET @OLD_COLLATION_CONNECTION=@@COLLATION_CONNECTION */;
/*!50503 SET NAMES utf8mb4 */;
/*!40103 SET @OLD_TIME_ZONE=@@TIME_ZONE */;
/*!40103 SET TIME_ZONE='+00:00' */;
/*!40014 SET @OLD_UNIQUE_CHECKS=@@UNIQUE_CHECKS, UNIQUE_CHECKS=0 */;
/*!40014 SET @OLD_FOREIGN_KEY_CHECKS=@@FOREIGN_KEY_CHECKS, FOREIGN_KEY_CHECKS=0 */;
/*!40101 SET @OLD_SQL_MODE=@@SQL_MODE, SQL_MODE='NO_AUTO_VALUE_ON_ZERO' */;
/*!40111 SET @OLD_SQL_NOTES=@@SQL_NOTES, SQL_NOTES=0 */;

--
-- Table structure for table `drop_down_category`
--

DROP TABLE IF EXISTS `drop_down_category`;
/*!40101 SET @saved_cs_client     = @@character_set_client */;
/*!50503 SET character_set_client = utf8mb4 */;
CREATE TABLE `drop_down_category` (
  `id` int(11) NOT NULL AUTO_INCREMENT,
  `name` varchar(255) NOT NULL,
  `constant` varchar(255) NOT NULL,
  `description` text DEFAULT NULL,
  `record_status` enum('ACTIVE','INACTIVE','DELETED','DRAFT') NOT NULL DEFAULT 'ACTIVE',
  `created_at` datetime(6) NOT NULL DEFAULT current_timestamp(6),
  `updated_at` datetime(6) NOT NULL DEFAULT current_timestamp(6) ON UPDATE current_timestamp(6),
  PRIMARY KEY (`id`),
  UNIQUE KEY `IDX_4a1583fd59fa824e15e0be005d` (`name`)
) ENGINE=InnoDB AUTO_INCREMENT=14 DEFAULT CHARSET=utf8mb4 COLLATE=utf8mb4_general_ci;
/*!40101 SET character_set_client = @saved_cs_client */;

--
-- Dumping data for table `drop_down_category`
--

LOCK TABLES `drop_down_category` WRITE;
/*!40000 ALTER TABLE `drop_down_category` DISABLE KEYS */;
INSERT INTO `drop_down_category` VALUES (1,'Observium Alarm Severity','OBS_ALARM_SEVERITY',NULL,'ACTIVE','2023-08-09 17:33:07.267044','2023-08-09 17:35:09.820052'),(2,'Nce Alarm Severity','NCE_ALARM_SEVERITY',NULL,'ACTIVE','2023-08-09 17:33:49.693608','2023-08-09 17:35:09.830076'),(3,'Alarm Status','ALARM_STATUS',NULL,'ACTIVE','2023-08-09 17:34:11.395623','2023-08-09 17:35:09.834497'),(5,'Nce Alarm Field Names','NCE_ALARM_FIELD_NAMES',NULL,'ACTIVE','2023-08-18 14:49:17.975582','2023-08-18 14:49:17.975582'),(6,'Observium Alarm Field Names','OBS_ALARM_FIELD_NAMES',NULL,'ACTIVE','2023-08-18 14:50:52.710230','2023-08-18 14:50:52.710230'),(7,'Alarm Filter Search Criteria','ALARM_FILTER_ADVANCE_CONDITION_SEARCH_CRITERIA',NULL,'ACTIVE','2023-08-18 14:50:52.720244','2023-08-24 13:45:51.035106'),(8,'Dashboard Widget Type','DASHBOARD_WIDGET_TYPE',NULL,'ACTIVE','2023-08-18 14:50:52.720244','2024-01-04 16:25:25.131697'),(9,'Trouble Ticket Mediums','TROUBLE_TICKET_MEDIUM',NULL,'ACTIVE','2024-03-04 12:38:47.304000','2024-03-04 12:38:51.514000'),(10,'Trouble Ticket Status','TROUBLE_TICKET_STATUS',NULL,'ACTIVE','2024-03-04 12:43:12.344569','2024-03-04 12:43:12.344569'),(11,'Trouble Ticket Generation Type','TROUBLE_TICKET_GENERATION_TYPE',NULL,'ACTIVE','2024-03-04 12:43:12.344569','2024-03-04 12:43:12.344569'),(12,'Ticket Resolution Reason','TICKET_RESOLUTION_REASON',NULL,'ACTIVE','2024-03-04 12:43:12.344569','2024-04-30 15:51:02.339648'),(13,'Ticket Cancel Reason','TICKET_CANCEL_REASON',NULL,'ACTIVE','2024-03-04 12:43:12.344569','2024-04-30 15:51:02.339648');
/*!40000 ALTER TABLE `drop_down_category` ENABLE KEYS */;
UNLOCK TABLES;

--
-- Table structure for table `drop_down_item`
--

DROP TABLE IF EXISTS `drop_down_item`;
/*!40101 SET @saved_cs_client     = @@character_set_client */;
/*!50503 SET character_set_client = utf8mb4 */;
CREATE TABLE `drop_down_item` (
  `id` int(11) NOT NULL AUTO_INCREMENT,
  `label` varchar(255) NOT NULL,
  `sequence` int(11) DEFAULT NULL,
  `dd_category_id` int(11) NOT NULL,
  `record_status` enum('ACTIVE','INACTIVE','DELETED','DRAFT') NOT NULL DEFAULT 'ACTIVE',
  `created_at` datetime(6) NOT NULL DEFAULT current_timestamp(6),
  `updated_at` datetime(6) NOT NULL DEFAULT current_timestamp(6) ON UPDATE current_timestamp(6),
  PRIMARY KEY (`id`),
  KEY `FK_60db51b9090c8e0a4337166ed09` (`dd_category_id`),
  CONSTRAINT `FK_60db51b9090c8e0a4337166ed09` FOREIGN KEY (`dd_category_id`) REFERENCES `drop_down_category` (`id`)
) ENGINE=InnoDB AUTO_INCREMENT=47 DEFAULT CHARSET=utf8mb4 COLLATE=utf8mb4_general_ci;
/*!40101 SET character_set_client = @saved_cs_client */;

--
-- Dumping data for table `drop_down_item`
--

LOCK TABLES `drop_down_item` WRITE;
/*!40000 ALTER TABLE `drop_down_item` DISABLE KEYS */;
INSERT INTO `drop_down_item` VALUES (2,'Critical',1,2,'ACTIVE','2023-08-10 11:24:57.119542','2023-08-10 11:24:57.119542'),(3,'Major',2,2,'ACTIVE','2023-08-10 11:25:32.932953','2023-08-10 11:25:32.932953'),(4,'Minor',3,2,'ACTIVE','2023-08-10 11:25:32.942967','2023-08-10 11:25:32.942967'),(5,'Critical',1,1,'ACTIVE','2023-08-10 11:26:35.872663','2023-08-10 11:26:35.872663'),(6,'Warning',2,1,'ACTIVE','2023-08-10 11:34:55.689295','2023-08-10 11:34:55.689295'),(7,'cleared',1,3,'ACTIVE','2023-08-10 11:35:44.302567','2023-08-10 14:38:00.010685'),(8,'uncleared',2,3,'ACTIVE','2023-08-10 11:36:08.714560','2023-08-10 14:38:00.020891'),(9,'location_info',1,5,'ACTIVE','2023-08-18 15:25:47.039638','2023-08-18 15:25:47.039638'),(10,'native_probable_cause',2,5,'ACTIVE','2023-08-18 15:25:47.051310','2023-08-18 15:25:47.051310'),(11,'probable_cause',3,5,'ACTIVE','2023-08-18 15:25:47.055028','2023-08-18 15:25:47.055028'),(12,'md_name',4,5,'ACTIVE','2023-08-18 15:25:47.058756','2023-08-18 15:25:47.058756'),(13,'fiber_name',5,5,'ACTIVE','2023-08-18 15:25:47.061296','2023-08-18 15:25:47.061296'),(14,'ason_obj_name',6,5,'ACTIVE','2023-08-18 15:25:47.063812','2023-08-18 15:25:47.063812'),(15,'other_info',7,5,'ACTIVE','2023-08-18 15:25:47.065842','2023-08-18 15:25:47.065842'),(16,'trail_name',8,5,'ACTIVE','2023-08-18 15:25:47.068052','2023-08-18 15:25:47.068052'),(21,'alert_message',1,6,'ACTIVE','2023-08-18 15:27:45.786366','2023-08-18 15:27:45.786366'),(22,'contains',1,7,'ACTIVE','2023-08-18 15:28:29.783243','2023-08-18 15:28:29.783243'),(23,'like',2,7,'ACTIVE','2023-08-18 15:28:29.946484','2023-08-18 15:28:29.946484'),(24,'includes',3,7,'ACTIVE','2023-08-18 15:28:29.954994','2023-08-18 15:28:29.954994'),(26,'Notification',3,1,'ACTIVE','2023-09-13 17:10:23.022317','2023-09-13 17:10:23.022317'),(27,'Warning',4,2,'ACTIVE','2023-09-15 15:17:46.983198','2023-09-15 15:17:46.983198'),(28,'Trend',1,8,'ACTIVE','2023-09-15 15:17:46.983198','2024-01-04 11:53:46.121558'),(29,'List',2,8,'ACTIVE','2023-09-15 15:17:46.983198','2024-01-04 11:53:52.569493'),(30,'Whatsapp',0,9,'ACTIVE','2024-03-04 12:42:43.677420','2024-03-04 12:42:43.677420'),(31,'NMS',1,9,'ACTIVE','2024-03-04 12:42:43.711145','2024-03-04 12:42:43.711145'),(32,'Pending',0,10,'ACTIVE','2024-03-04 12:44:03.950091','2024-03-05 10:09:42.176030'),(33,'Assigned',1,10,'ACTIVE','2024-03-04 12:44:03.974822','2024-03-04 12:44:03.974822'),(34,'Resolved',2,10,'ACTIVE','2024-03-04 12:44:03.999316','2024-03-04 12:44:03.999316'),(35,'Completed',5,10,'ACTIVE','2024-03-04 12:44:04.024572','2024-05-03 14:51:17.304100'),(36,'Reopen',3,10,'ACTIVE','2024-03-04 12:44:04.024572','2024-03-27 13:01:41.373414'),(37,'Manual',0,11,'ACTIVE','2024-03-04 12:44:04.024572','2024-03-27 13:01:41.373414'),(38,'Automated',1,11,'ACTIVE','2024-03-04 12:44:04.024572','2024-04-04 09:54:59.169019'),(39,'Canceled',5,10,'ACTIVE','2024-03-04 12:44:04.024572','2024-04-04 09:54:59.169019'),(40,'Issue due to TWA',0,12,'ACTIVE','2024-03-04 12:44:04.024572','2024-04-04 09:54:59.169019'),(41,'Issue due to partner (international or domestic)',1,12,'ACTIVE','2024-03-04 12:44:04.024572','2024-04-04 09:54:59.169019'),(42,'Not TWA issue',3,12,'ACTIVE','2024-03-04 12:44:04.024572','2024-04-30 15:53:03.228631'),(43,'Paused',5,10,'ACTIVE','2024-03-04 12:44:04.024572','2024-05-30 14:24:50.396754'),(44,'False Alarm',0,13,'ACTIVE','2024-03-04 12:44:04.024572','2024-04-30 15:53:03.228631'),(45,'Issue Resolved',1,13,'ACTIVE','2024-03-04 12:44:04.024572','2024-04-30 15:53:03.228631'),(46,'Alarm Recovered',2,13,'ACTIVE','2024-03-04 12:44:04.024572','2024-04-30 15:53:03.228631');
/*!40000 ALTER TABLE `drop_down_item` ENABLE KEYS */;
UNLOCK TABLES;

--
-- Table structure for table `permission`
--

DROP TABLE IF EXISTS `permission`;
/*!40101 SET @saved_cs_client     = @@character_set_client */;
/*!50503 SET character_set_client = utf8mb4 */;
CREATE TABLE `permission` (
  `id` int(11) NOT NULL AUTO_INCREMENT,
  `name` varchar(255) NOT NULL,
  `description` varchar(550) DEFAULT NULL,
  `created_by` int(11) DEFAULT NULL,
  `updated_by` int(11) DEFAULT NULL,
  `created_at` datetime(6) NOT NULL DEFAULT current_timestamp(6),
  `updated_at` datetime(6) NOT NULL DEFAULT current_timestamp(6) ON UPDATE current_timestamp(6),
  PRIMARY KEY (`id`),
  UNIQUE KEY `IDX_240853a0c3353c25fb12434ad3` (`name`)
) ENGINE=InnoDB AUTO_INCREMENT=2771 DEFAULT CHARSET=utf8mb4 COLLATE=utf8mb4_general_ci;
/*!40101 SET character_set_client = @saved_cs_client */;

--
-- Dumping data for table `permission`
--

LOCK TABLES `permission` WRITE;
/*!40000 ALTER TABLE `permission` DISABLE KEYS */;
INSERT INTO `permission` VALUES (1,'users-create',NULL,NULL,NULL,'2023-10-20 09:33:58.027735','2023-10-22 23:31:29.632195'),(2,'users-edit',NULL,NULL,NULL,'2023-10-20 09:33:58.034060','2023-10-22 23:31:59.194033'),(3,'users-acess',NULL,NULL,NULL,'2023-10-20 09:33:58.038387','2023-10-22 23:31:59.203632'),(4,'users-delete',NULL,NULL,NULL,'2023-10-20 09:33:58.043220','2023-10-22 23:31:59.205492'),(5,'permissions-create',NULL,NULL,NULL,'2023-10-20 09:33:58.047377','2023-10-22 23:31:59.207363'),(6,'permissions-access',NULL,NULL,NULL,'2023-10-20 09:33:58.051698','2023-10-22 23:31:59.209663'),(7,'permissions-edit',NULL,NULL,NULL,'2023-10-20 09:33:58.067772','2023-10-22 23:31:59.213892'),(8,'permissions-delete',NULL,NULL,NULL,'2023-10-20 09:33:58.072305','2023-10-22 23:31:59.217230'),(9,'department-create',NULL,NULL,NULL,'2023-10-20 09:33:58.076935','2023-10-22 23:31:59.218964'),(10,'department-edit',NULL,NULL,NULL,'2023-10-20 09:33:58.082922','2023-10-22 23:33:36.237742'),(11,'department-access',NULL,NULL,NULL,'2023-10-20 09:33:58.087305','2023-10-22 23:33:36.247125'),(12,'department-delete',NULL,NULL,NULL,'2023-10-20 09:33:58.091730','2023-10-22 23:33:36.249976'),(13,'subdepartment-create',NULL,NULL,NULL,'2023-10-20 09:33:58.104335','2023-10-22 23:33:36.253707'),(14,'subdepartment-access',NULL,NULL,NULL,'2023-10-20 09:33:58.108305','2023-10-22 23:33:36.256064'),(15,'subdepartment-delete',NULL,NULL,NULL,'2023-10-20 09:33:58.111702','2023-10-22 23:33:36.258552'),(16,'subdepartment-edit',NULL,NULL,NULL,'2023-10-20 09:33:58.122345','2023-10-22 23:33:36.262003'),(17,'designation-access',NULL,NULL,NULL,'2023-10-20 09:33:58.126123','2023-10-22 23:33:36.264979'),(18,'designation-create',NULL,NULL,NULL,'2023-10-20 09:33:58.131400','2023-10-22 23:33:36.267614'),(19,'designation-edit',NULL,NULL,NULL,'2023-10-20 09:33:58.134990','2023-10-22 23:33:36.269437'),(20,'designation-delete',NULL,NULL,NULL,'2023-10-20 09:33:58.138477','2023-10-22 23:33:36.271371'),(21,'role-access',NULL,NULL,NULL,'2023-10-20 09:33:58.142767','2023-10-22 23:33:36.273257'),(22,'role-create',NULL,NULL,NULL,'2023-10-20 09:33:58.146281','2023-10-22 23:33:36.275443'),(23,'role-edit',NULL,NULL,NULL,'2023-10-20 09:33:58.149725','2023-10-22 23:33:36.279058'),(24,'role-delete',NULL,NULL,NULL,'2023-10-20 09:33:58.161948','2023-10-22 23:33:36.282075'),(25,'userManagement-access',NULL,NULL,NULL,'2023-10-20 09:33:58.165393','2023-10-22 23:33:36.284213'),(26,'hrm-access',NULL,NULL,NULL,'2023-10-20 09:33:58.168883','2023-10-22 23:33:36.286094'),(27,'ip-alarms',NULL,NULL,NULL,'2023-10-20 09:33:58.183537','2023-10-22 23:33:36.287915'),(28,'ip-devices',NULL,NULL,NULL,'2023-10-20 09:33:58.186048','2023-10-22 23:33:36.289202'),(29,'ipAlarmConfig-create',NULL,NULL,NULL,'2023-10-20 09:33:58.188954','2023-10-22 23:33:36.291202'),(30,'ipAlarmConfig-edit',NULL,NULL,NULL,'2023-10-20 09:33:58.230988','2023-10-22 23:33:36.293798'),(31,'ipAlarmConfig-access',NULL,NULL,NULL,'2023-10-20 09:33:58.234701','2023-10-22 23:33:36.296306'),(32,'ip-devicesSync',NULL,NULL,NULL,'2023-10-20 09:33:58.238548','2023-10-22 23:33:36.298934'),(33,'ip-network',NULL,NULL,NULL,'2023-10-20 09:33:58.242333','2023-10-22 23:33:36.301025'),(34,'tx-alarms',NULL,NULL,NULL,'2023-10-20 09:33:58.245619','2023-10-22 23:33:36.303049'),(35,'tx-devices',NULL,NULL,NULL,'2023-10-20 09:33:58.249560','2023-10-22 23:33:36.305202'),(36,'tx-network',NULL,NULL,NULL,'2023-10-20 09:33:58.253823','2023-10-22 23:34:03.275735'),(37,'tx-devicesSync',NULL,NULL,NULL,'2023-10-20 09:33:58.257567','2023-10-22 23:34:03.284806'),(38,'txAlarmConfig-create',NULL,NULL,NULL,'2023-10-20 09:33:58.261315','2023-10-22 23:34:03.286349'),(39,'txAlarmConfig-edit',NULL,NULL,NULL,'2023-10-20 09:33:58.264626','2023-10-22 23:34:03.290453'),(40,'txAlarmConfig-access',NULL,NULL,NULL,'2023-10-20 09:33:58.268499','2023-10-22 23:34:03.293255'),(41,'troubleTicket-create',NULL,NULL,NULL,'2024-04-15 16:29:39.744000','2024-04-15 16:29:39.744000'),(42,'troubleTicket-access',NULL,NULL,NULL,'2024-04-15 16:29:39.744000','2024-04-15 16:29:39.744000'),(43,'troubleTicketCategory-create',NULL,NULL,NULL,'2024-04-15 16:29:39.744000','2024-04-15 16:29:39.744000'),(44,'troubleTicketCategory-acces',NULL,NULL,NULL,'2024-04-15 16:29:39.744000','2024-04-15 16:29:39.744000'),(2770,'emailLogs-access',NULL,NULL,NULL,'2023-12-11 16:11:46.340488','2023-12-11 16:11:46.340488');
/*!40000 ALTER TABLE `permission` ENABLE KEYS */;
UNLOCK TABLES;
/*!40103 SET TIME_ZONE=@OLD_TIME_ZONE */;

/*!40101 SET SQL_MODE=@OLD_SQL_MODE */;
/*!40014 SET FOREIGN_KEY_CHECKS=@OLD_FOREIGN_KEY_CHECKS */;
/*!40014 SET UNIQUE_CHECKS=@OLD_UNIQUE_CHECKS */;
/*!40101 SET CHARACTER_SET_CLIENT=@OLD_CHARACTER_SET_CLIENT */;
/*!40101 SET CHARACTER_SET_RESULTS=@OLD_CHARACTER_SET_RESULTS */;
/*!40101 SET COLLATION_CONNECTION=@OLD_COLLATION_CONNECTION */;
/*!40111 SET SQL_NOTES=@OLD_SQL_NOTES */;

-- Dump completed on 2024-05-30 14:40:04
